entry_date,exit_signal_date,exit_date,entry_px,exit_px,ret,hold_days,exit_reason,sell_tier,mkt_dd_count,stk_dd_count,sell_v4,sell_mkt_dd,sell_stk_dd,symbol
2018-08-01,2018-08-31,2018-09-04,8828.600519925127,9523.600752857925,0.0787214498338964,34,MARKET_DD,,5.0,2.0,False,True,False,SSI
2018-09-06,2018-09-06,2018-09-07,9393.75314836324,9401.893394993926,0.0008665595637995516,1,MARKET_DD,,5.0,3.0,False,True,True,SSI
2018-09-10,2018-09-10,2018-09-11,9561.771497358357,9462.747073925926,-0.010356284236638369,1,MARKET_DD,,5.0,2.0,False,True,False,SSI
2018-09-12,2018-09-12,2018-09-13,9913.08259071178,9721.375209386923,-0.01933882619968086,1,MARKET_DD,,5.0,2.0,False,True,False,SSI
2018-11-29,2018-11-29,2018-11-30,8975.536898352295,8861.28793443623,-0.01272892810869486,1,MARKET_DD,,5.0,1.0,False,True,False,SSI
2019-01-28,2019-01-28,2019-01-29,8251.195324099303,8202.572725150705,-0.005892794563544634,1,STOCK_DD,,2.0,4.0,False,False,True,SSI
2019-06-21,2019-06-21,2019-06-24,7904.771092934829,7904.582511426301,-2.3856669131960828e-05,3,MARKET_DD,,7.0,5.0,False,True,True,SSI
2019-07-08,2019-07-08,2019-07-09,7983.5038727449355,7857.531425048764,-0.015779092702169595,1,MARKET_DD,,6.0,4.0,False,True,True,SSI
2019-07-18,2019-07-23,2019-07-24,8046.490096593022,7920.266206885482,-0.015686825956696904,6,SELL_V4,MA50,4.0,1.0,True,False,False,SSI
2019-08-22,2019-08-22,2019-08-23,7101.696738871728,7026.2955657122675,-0.010617346238786185,1,STOCK_DD,,3.0,6.0,False,False,True,SSI
2019-10-25,2019-10-25,2019-10-28,7007.49859131143,7045.059986776182,0.005360171675428571,3,STOCK_DD,,3.0,4.0,False,False,True,SSI
2019-11-01,2019-11-01,2019-11-04,7007.49859131143,7077.827707644909,0.010036265497174846,3,STOCK_DD,,3.0,4.0,False,False,True,SSI
2020-05-11,2020-05-11,2020-05-12,5228.317728315551,5321.477869081171,0.017818377842854227,1,STOCK_DD,,3.0,4.0,False,False,True,SSI
2020-09-07,2020-10-02,2020-10-05,6292.0174994384715,7297.905739046726,0.15986736205009366,28,STOCK_DD,,4.0,3.0,False,False,True,SSI
2020-11-24,2020-11-30,2020-12-01,7631.608321899565,7601.142819616534,-0.003992015968063756,7,STOCK_DD,,2.0,3.0,False,False,True,SSI
2020-12-02,2020-12-02,2020-12-03,7875.170289619763,8045.8905377855845,0.021678292898738682,1,STOCK_DD,,2.0,3.0,False,False,True,SSI
2021-01-13,2021-01-13,2021-01-14,14004.813143911437,13544.589598784782,-0.03286181260667065,1,STOCK_DD,,2.0,3.0,False,False,True,SSI
2021-01-15,2021-01-19,2021-01-20,14532.530740638531,13827.610873983269,-0.04850633927675352,5,UGLY_BAR,MA10,2.0,2.0,True,False,False,SSI
2021-05-11,2021-06-04,2021-06-07,14207.781450344934,19488.03637795303,0.37164528086683823,27,STOCK_DD,,3.0,3.0,False,False,True,SSI
2021-06-28,2021-07-05,2021-07-06,22673.121122602242,23283.165070227664,0.0269060419307372,8,STOCK_DD,,3.0,3.0,False,False,True,SSI
2021-08-16,2021-08-18,2021-08-19,25362.451182764922,25096.367305785214,-0.010491252405466445,3,STOCK_DD,,4.0,3.0,False,False,True,SSI
2021-11-02,2021-11-02,2021-11-03,25063.89843813145,25715.76593592717,0.026008224514826095,1,STOCK_DD,,2.0,3.0,False,False,True,SSI
2022-02-28,2022-03-02,2022-03-03,27660.880685937846,27069.22730097597,-0.02138953533980059,3,STOCK_DD,,4.0,3.0,False,False,True,SSI
2022-07-11,2022-07-11,2022-07-12,13670.503349513869,13682.512048999559,0.0008784387215792222,1,MARKET_DD,,5.0,2.0,False,True,False,SSI
2022-08-19,2022-08-22,2022-08-23,16778.955211383774,16179.32081706517,-0.03573729035952,4,STOCK_DD,,2.0,3.0,False,False,True,SSI
2022-08-24,2022-08-24,2022-08-25,17146.6215606372,16878.427272123547,-0.01564123215557134,1,STOCK_DD,,2.0,3.0,False,False,True,SSI
2018-02-05,2018-02-06,2018-02-07,14757.454379570772,13147.778739806023,-0.10907542712739648,2,STOCK_DD,,3.0,3.0,False,False,True,VCI
2018-03-01,2018-03-01,2018-03-02,14960.538614152023,14664.830132860563,-0.019765898068117127,1,MARKET_DD,,5.0,2.0,False,True,False,VCI
2018-03-19,2018-04-10,2018-04-11,16246.738766499935,19384.545577919136,0.1931345642049236,23,STOCK_DD,,2.0,3.0,False,False,True,VCI
2018-06-15,2018-06-15,2018-06-18,16246.738766499935,15676.19772823026,-0.0351172654690618,3,MARKET_DD,,5.0,1.0,False,True,False,VCI
2018-07-20,2018-07-20,2018-07-23,13497.384398294993,12728.66800786612,-0.05695298939000204,3,MARKET_DD,,7.0,4.0,False,True,True,VCI
2018-07-31,2018-08-02,2018-08-03,13196.413562655482,12913.141457255484,-0.02146584024932574,3,STOCK_DD,,2.0,3.0,False,False,True,VCI
2018-08-10,2018-08-10,2018-08-13,12964.897535240474,13028.437363123836,0.004900912460792828,3,STOCK_DD,,3.0,3.0,False,False,True,VCI
2018-08-23,2018-08-31,2018-09-04,13775.203631193002,14527.284139412419,0.05459668897499137,12,MARKET_DD,,5.0,0.0,False,True,False,VCI
2018-09-12,2018-09-12,2018-09-13,14261.387288764523,14066.100515939008,-0.013693392435907503,1,MARKET_DD,,5.0,2.0,False,True,False,VCI
2018-09-17,2018-09-17,2018-09-18,14238.235686023021,14043.041334765338,-0.013709167031790037,1,STOCK_DD,,4.0,3.0,False,False,True,VCI
2018-09-19,2018-09-19,2018-09-20,14122.477672315516,14342.810690023054,0.015601583717810286,1,STOCK_DD,,3.0,3.0,False,False,True,VCI
2018-10-03,2018-10-11,2018-10-12,15002.23857649255,13051.496544297506,-0.13003006333012979,9,UGLY_BAR,MA20,2.0,3.0,True,False,True,VCI
2018-12-10,2018-12-10,2018-12-11,11737.86258994093,11483.47222448791,-0.02167263106922268,1,STOCK_DD,,4.0,3.0,False,False,True,VCI
2019-07-09,2019-07-09,2019-07-10,7783.6812563321255,7692.603965348368,-0.011701056092149886,1,MARKET_DD,,6.0,2.0,False,True,False,VCI
2019-07-12,2019-07-12,2019-07-15,7831.877425101985,8016.629405386443,0.02358974358974364,3,MARKET_DD,,6.0,3.0,False,True,True,VCI
2019-07-24,2019-07-26,2019-07-29,8169.250606490993,8016.629405386443,-0.018682399213372447,5,STOCK_DD,,3.0,3.0,False,False,True,VCI
2019-07-30,2019-07-30,2019-07-31,8048.7601845663485,7752.60867646653,-0.036794674124804305,1,STOCK_DD,,4.0,3.0,False,False,True,VCI
2019-08-01,2019-08-02,2019-08-05,8000.56401579649,7824.614329808325,-0.02199216025779749,4,STOCK_DD,,4.0,3.0,False,False,True,VCI
2019-08-14,2019-08-14,2019-08-15,8072.858268951277,8040.631289833708,-0.003992015968063756,1,STOCK_DD,,3.0,3.0,False,False,True,VCI
2019-09-23,2019-10-09,2019-10-10,8578.91804103479,8280.650134306357,-0.034767543564556136,17,STOCK_DD,,2.0,3.0,False,False,True,VCI
2019-10-15,2019-10-15,2019-10-16,8386.133365955357,8376.657672095414,-0.0011299240599260685,1,STOCK_DD,,2.0,3.0,False,False,True,VCI
2019-10-24,2019-10-24,2019-10-25,8362.035281570428,8424.661440989945,0.00748934407841384,1,STOCK_DD,,3.0,3.0,False,False,True,VCI
2020-01-22,2020-01-22,2020-01-30,7096.885851361645,7200.56533417944,0.01460915181521516,8,STOCK_DD,,1.0,3.0,False,False,True,VCI
2020-02-24,2020-02-24,2020-02-25,6554.678952700739,6480.508800761495,-0.011315604085945785,1,MARKET_DD,,6.0,3.0,False,True,True,VCI
2020-08-20,2020-08-20,2020-08-21,5654.244761150238,5657.213392559952,0.0005250270434189463,1,STOCK_DD,,4.0,4.0,False,False,True,VCI
2020-08-24,2020-08-24,2020-08-25,6077.35151198461,6027.550160921664,-0.008194581301531834,1,STOCK_DD,,3.0,4.0,False,False,True,VCI
2020-10-02,2020-10-02,2020-10-05,7949.278349009405,8377.27310500977,0.053840705685403334,3,STOCK_DD,,4.0,4.0,False,False,True,VCI
2020-12-21,2020-12-21,2020-12-22,12436.774191192133,13029.790981659633,0.047682524531761805,1,STOCK_DD,,3.0,3.0,False,False,True,VCI
2021-01-15,2021-01-15,2021-01-18,15855.401686483987,16521.774964744414,0.04202815491129952,3,STOCK_DD,,1.0,3.0,False,False,True,VCI
2021-03-11,2021-03-11,2021-03-12,15436.777219514111,15427.272522285006,-0.0006157177171081107,1,STOCK_DD,,2.0,4.0,False,False,True,VCI
2021-05-11,2021-05-11,2021-05-12,18905.621088666656,18238.344847333563,-0.035295124037639014,1,STOCK_DD,,3.0,3.0,False,False,True,VCI
2021-07-02,2021-07-14,2021-07-15,29816.865259839986,27438.217911917753,-0.07977523214440685,13,SELL_V4,MA10,4.0,3.0,True,False,True,VCI
2021-07-21,2021-07-21,2021-07-22,27278.110427933316,26200.808084517543,-0.03949329064642959,1,STOCK_DD,,4.0,4.0,False,False,True,VCI
2021-09-20,2021-09-28,2021-09-29,35272.48734542665,32280.25636696206,-0.08483186765825157,9,SELL_V4,MA20,3.0,2.0,True,False,False,VCI
2022-03-09,2022-03-09,2022-03-10,34701.640864749774,35547.503772460106,0.024375300032845715,1,MARKET_DD,,5.0,5.0,False,True,True,VCI
2022-06-09,2022-06-09,2022-06-10,23061.217030371685,22312.8946756365,-0.03244938694040478,1,MARKET_DD,,5.0,2.0,False,True,False,VCI
2022-07-15,2022-07-22,2022-07-25,21688.525540468607,20508.175253342368,-0.05442279996968091,10,STOCK_DD,,4.0,3.0,False,False,True,VCI
2022-08-30,2022-08-30,2022-08-31,27374.213691647154,26305.152791620487,-0.03905357472798843,1,STOCK_DD,,4.0,4.0,False,False,True,VCI
2022-09-07,2022-09-07,2022-09-08,26838.864010584955,27158.29288215953,0.011901728457977878,1,MARKET_DD,,5.0,2.0,False,True,False,VCI
2018-03-01,2018-03-01,2018-03-02,4534.735172808529,4617.9022231838735,0.018340001611127477,1,MARKET_DD,,5.0,3.0,False,True,True,SHS
2018-03-07,2018-03-07,2018-03-08,4758.421661153344,4597.648266064647,-0.03378712660149763,1,MARKET_DD,,5.0,2.0,False,True,False,SHS
2018-03-15,2018-03-23,2018-03-26,4860.097337673714,4698.918051660784,-0.03316379792715807,11,STOCK_DD,,2.0,3.0,False,False,True,SHS
2018-08-09,2018-08-09,2018-08-10,2928.259483786673,2957.077739407218,0.009841428254601992,1,STOCK_DD,,3.0,3.0,False,False,True,SHS
2018-08-28,2018-08-31,2018-09-04,3131.6108368274145,3078.6014821225826,-0.01692718459185516,7,MARKET_DD,,5.0,3.0,False,True,True,SHS
2018-09-27,2018-10-05,2018-10-08,3375.632460476304,3260.887096195631,-0.033992256450953384,11,STOCK_DD,,2.0,3.0,False,False,True,SHS
2018-12-04,2018-12-04,2018-12-05,2846.9189425703767,2795.0460824533975,-0.018220701454234267,1,MARKET_DD,,5.0,2.0,False,True,False,SHS
2018-12-06,2018-12-06,2018-12-07,2846.9189425703767,2835.5539966918523,-0.003992015968063867,1,MARKET_DD,,5.0,1.0,False,True,False,SHS
2018-12-10,2018-12-18,2018-12-19,2968.9297543948214,2795.0460824533975,-0.05856779591501915,9,SELL_V4,MA50,4.0,1.0,True,False,False,SHS
2019-02-12,2019-03-05,2019-03-06,2790.3159886035287,2981.298966448068,0.06844492832516802,22,MARKET_DD,,5.0,2.0,False,True,False,SHS
2019-03-14,2019-03-19,2019-03-20,3069.3475874638807,2981.298966448068,-0.028686428795301477,6,STOCK_DD,,3.0,3.0,False,False,True,SHS
2019-04-09,2019-04-16,2019-04-17,2993.2480605019673,2905.503230012947,-0.029314252850231703,8,MARKET_DD,,5.0,1.0,False,True,False,SHS
2019-06-10,2019-06-10,2019-06-11,3018.614569489272,2981.298966448068,-0.01236183095992871,1,MARKET_DD,,6.0,4.0,False,True,True,SHS
2019-07-18,2019-07-22,2019-07-23,2909.687795528004,2811.13010712459,-0.03387225548902206,5,STOCK_DD,,4.0,3.0,False,False,True,SHS
2019-11-04,2019-11-13,2019-11-14,2473.2346261988037,2492.342156832111,0.007725725020546914,10,MARKET_DD,,5.0,1.0,False,True,False,SHS
2019-12-19,2019-12-19,2019-12-20,2269.5564805118424,2260.4963748012165,-0.003992015968063756,1,MARKET_DD,,7.0,2.0,False,True,False,SHS
2020-01-03,2020-01-03,2020-01-06,2269.5564805118424,2231.515652047355,-0.016761349096678146,3,STOCK_DD,,4.0,3.0,False,False,True,SHS
2020-03-02,2020-03-02,2020-03-03,2356.847114377683,2492.342156832111,0.05748995835489534,1,STOCK_DD,,4.0,3.0,False,False,True,SHS
2020-05-19,2020-05-19,2020-05-20,2589.622138019923,2550.303602339835,-0.015183116912242611,1,STOCK_DD,,2.0,3.0,False,False,True,SHS
2020-05-27,2020-05-29,2020-06-01,2735.106527796323,2550.303602339835,-0.06756699367222962,5,STOCK_DD,,1.0,3.0,False,False,True,SHS
2020-06-03,2020-06-03,2020-06-04,2618.7190159752035,2869.091552632314,0.09560878243512971,1,STOCK_DD,,1.0,3.0,False,False,True,SHS
2020-06-24,2020-06-29,2020-06-30,4015.369157828645,3506.6674532172724,-0.12668865168214283,6,STOCK_DD,,3.0,3.0,False,False,True,SHS
2020-08-18,2020-10-27,2020-10-28,3417.108959839707,4039.630013093846,0.18217770067341976,71,SELL_V4,MA10,3.0,3.0,True,False,True,SHS
2020-12-03,2020-12-03,2020-12-04,4758.4040655711815,4739.408440558922,-0.003992015968063756,1,STOCK_DD,,2.0,3.0,False,False,True,SHS
2021-01-13,2021-01-13,2021-01-14,8526.804600721513,8556.381681277517,0.00346871799472237,1,STOCK_DD,,2.0,3.0,False,False,True,SHS
2021-02-24,2021-02-26,2021-03-01,8526.804600721513,8715.422232974124,0.022120552901687462,5,STOCK_DD,,4.0,3.0,False,False,True,SHS
2021-03-12,2021-03-16,2021-03-17,8782.289382765603,8779.038453652767,-0.0003701687534021225,5,STOCK_DD,,2.0,3.0,False,False,True,SHS
2021-04-02,2021-04-02,2021-04-05,10027.777695230543,10114.979087904276,0.008695983828521436,3,STOCK_DD,,3.0,3.0,False,False,True,SHS
2021-07-08,2021-07-08,2021-07-09,14115.534207935989,13931.95232862287,-0.013005662882380031,1,STOCK_DD,,2.0,3.0,False,False,True,SHS
2021-08-10,2021-08-10,2021-08-11,14371.018989980079,14695.346976766592,0.022568196939454666,1,MARKET_DD,,5.0,2.0,False,True,False,SHS
2021-09-20,2021-09-21,2021-09-22,17954.0695499584,17172.425536030263,-0.04353575726957948,2,SELL_V4,MA20,2.0,2.0,True,False,False,SHS
2021-10-21,2021-10-21,2021-10-22,17196.7018518212,16861.81318783333,-0.01947400535716115,1,STOCK_DD,,2.0,3.0,False,False,True,SHS
2021-10-29,2021-10-29,2021-11-01,17196.7018518212,17083.67915083114,-0.0065723475329131364,3,STOCK_DD,,1.0,3.0,False,False,True,SHS
2021-11-12,2021-11-19,2021-11-22,19468.804946232813,21964.730336782894,0.1282012633771361,10,MARKET_DD,,5.0,1.0,False,True,False,SHS
2022-02-21,2022-02-24,2022-02-25,18889.641412363184,18858.606854813595,-0.0016429405340260272,4,STOCK_DD,,4.0,3.0,False,False,True,SHS
2022-04-05,2022-04-06,2022-04-07,19246.049740898343,18725.48727701491,-0.027047756339173668,2,STOCK_DD,,2.0,3.0,False,False,True,SHS
2022-07-15,2022-07-15,2022-07-18,10767.095605047014,10521.771429207998,-0.022784619440364362,3,STOCK_DD,,4.0,3.0,False,False,True,SHS
2018-04-10,2018-04-10,2018-04-11,8142.323220114193,8054.874363066573,-0.010740037540095781,1,STOCK_DD,,2.0,5.0,False,False,True,MBB
2018-07-30,2018-07-30,2018-07-31,6118.216691710197,6067.639056358581,-0.008266728345883045,1,STOCK_DD,,4.0,3.0,False,False,True,MBB
2018-08-14,2018-08-14,2018-08-15,6393.93031944821,6250.714372714227,-0.0223987343587978,1,STOCK_DD,,3.0,5.0,False,False,True,MBB
2018-08-28,2018-08-28,2018-08-29,6315.15499723735,6250.714372714227,-0.010204123976579105,1,STOCK_DD,,4.0,4.0,False,False,True,MBB
2018-10-05,2018-10-09,2018-10-10,6302.0257768688725,5989.178206491874,-0.049642381902860855,5,UGLY_BAR,MA50,1.0,1.0,True,False,False,MBB
2018-11-22,2018-11-22,2018-11-23,5593.047876971124,5544.566723913875,-0.00866810978981003,1,STOCK_DD,,4.0,5.0,False,False,True,MBB
2018-12-03,2018-12-03,2018-12-04,5684.952419550462,5779.949273513993,0.016710228503731717,1,MARKET_DD,,6.0,4.0,False,True,True,MBB
2018-12-12,2018-12-14,2018-12-17,5842.503063972184,5649.181190402816,-0.03308887842292929,5,STOCK_DD,,3.0,3.0,False,False,True,MBB
2019-03-13,2019-03-25,2019-03-26,5934.407606551523,5832.256506758463,-0.017213360888841955,13,MARKET_DD,,5.0,3.0,False,True,True,MBB
2019-05-06,2019-05-06,2019-05-07,5866.617958790722,5816.333046559914,-0.0085713630210843,1,MARKET_DD,,5.0,2.0,False,True,False,MBB
2019-06-21,2019-06-21,2019-06-24,5745.239656195052,5722.304567747168,-0.003992015968063756,3,MARKET_DD,,7.0,2.0,False,True,False,MBB
2019-07-05,2019-07-05,2019-07-08,5718.266700062681,5708.871927916774,-0.0016429405340263603,3,MARKET_DD,,5.0,1.0,False,True,False,MBB
2019-07-12,2019-07-12,2019-07-15,5785.6990903936085,5762.602487238345,-0.003992015968063756,3,MARKET_DD,,6.0,3.0,False,True,True,MBB
2019-08-14,2019-09-10,2019-09-11,6068.915129783505,6084.985843167763,0.002648037258815794,28,STOCK_DD,,4.0,3.0,False,False,True,MBB
2019-11-05,2019-11-05,2019-11-06,6787.474681149873,6760.378973839894,-0.003992015968063756,1,STOCK_DD,,3.0,4.0,False,False,True,MBB
2020-01-08,2020-01-08,2020-01-09,6059.204865575852,6078.538176049175,0.0031907339167818183,1,STOCK_DD,,4.0,3.0,False,False,True,MBB
2020-05-27,2020-05-29,2020-06-01,5185.281086887027,5005.001600804213,-0.03476754356455625,5,STOCK_DD,,1.0,3.0,False,False,True,MBB
2020-06-02,2020-06-02,2020-06-03,5243.542672132948,5222.61036605657,-0.003992015968063756,1,STOCK_DD,,1.0,3.0,False,False,True,MBB
2020-06-15,2020-06-15,2020-06-16,5156.150294264065,5005.001600804213,-0.02931425285023148,1,STOCK_DD,,2.0,3.0,False,False,True,MBB
2020-07-17,2020-07-17,2020-07-20,5097.888709018143,5077.537855888331,-0.003992015968063756,3,STOCK_DD,,3.0,3.0,False,False,True,MBB
2020-10-19,2020-10-27,2020-10-28,6030.07407295289,5922.585227618318,-0.017825460190729503,9,STOCK_DD,,3.0,3.0,False,False,True,MBB
2020-11-12,2020-11-12,2020-11-13,6130.575307502105,6272.935339674613,0.02322131692898366,1,STOCK_DD,,2.0,4.0,False,False,True,MBB
2021-01-05,2021-01-05,2021-01-06,8090.349381211793,8508.50272136716,0.0516854489778209,1,STOCK_DD,,3.0,3.0,False,False,True,MBB
2021-03-30,2021-04-22,2021-04-23,9463.866253384394,9743.069782898865,0.02950205783124038,24,STOCK_DD,,2.0,3.0,False,False,True,MBB
2021-05-05,2021-05-05,2021-05-06,10569.379833425759,10577.236716366235,0.0007433627198851767,1,STOCK_DD,,2.0,3.0,False,False,True,MBB
2021-07-08,2021-07-09,2021-07-12,14103.673248406481,14234.224552687181,0.009256546289843293,4,STOCK_DD,,3.0,3.0,False,False,True,MBB
2021-08-05,2021-08-05,2021-08-06,13386.764441955418,13513.504322171373,0.00946755138371902,1,MARKET_DD,,5.0,3.0,False,True,True,MBB
2021-08-12,2021-08-12,2021-08-13,13477.215553049711,13288.279250135185,-0.014018941981808086,1,MARKET_DD,,5.0,3.0,False,True,True,MBB
2021-08-17,2021-08-24,2021-08-25,14223.437219577629,12702.694062841092,-0.1069181192464036,8,SELL_V4,MA50,4.0,2.0,True,False,False,MBB
2021-09-21,2021-09-23,2021-09-24,12617.929997653922,12612.604034026617,-0.0004220948783434375,3,STOCK_DD,,2.0,3.0,False,False,True,MBB
2021-10-12,2021-10-12,2021-10-13,13183.249441993257,13108.099192506234,-0.0057004344655456896,1,STOCK_DD,,3.0,3.0,False,False,True,MBB
2021-11-01,2021-11-01,2021-11-02,12934.508886483949,12747.73907724833,-0.014439652164202843,1,STOCK_DD,,2.0,3.0,False,False,True,MBB
2021-11-17,2021-11-18,2021-11-19,12957.121664257524,12702.694062841092,-0.01963612042929841,2,STOCK_DD,,4.0,3.0,False,False,True,MBB
2021-11-22,2021-11-22,2021-11-23,12866.67055316323,13220.71172852433,0.027516145213965837,1,STOCK_DD,,4.0,3.0,False,False,True,MBB
2021-11-25,2021-11-25,2021-11-26,14155.59888625691,14008.999480650991,-0.01035628423663848,1,STOCK_DD,,4.0,3.0,False,False,True,MBB
2022-01-04,2022-01-04,2022-01-05,13205.86221976683,13108.099192506234,-0.007403002214748433,1,MARKET_DD,,5.0,3.0,False,True,True,MBB
2022-01-13,2022-01-13,2022-01-14,13431.989997502564,13288.279250135185,-0.01069914043965925,1,MARKET_DD,,5.0,3.0,False,True,True,MBB
2022-02-11,2022-02-18,2022-02-21,15263.624997162004,14684.674696759559,-0.03793006579433722,10,STOCK_DD,,4.0,3.0,False,False,True,MBB
2022-02-23,2022-02-23,2022-02-24,15648.042219312752,15315.30489846089,-0.02126383072006277,1,STOCK_DD,,3.0,3.0,False,False,True,MBB
2022-03-31,2022-04-13,2022-04-14,14766.143886143389,14729.7197111668,-0.002466735747494009,14,SELL_V4,MA50,1.0,2.0,True,False,False,MBB
2022-06-09,2022-06-09,2022-06-10,12730.993886521788,12387.378961990426,-0.02699042412510666,1,MARKET_DD,,5.0,3.0,False,True,True,MBB
2022-07-29,2022-09-05,2022-09-06,11622.967775616695,12756.748080129777,0.09754654115892758,39,MARKET_DD,,5.0,1.0,False,True,False,MBB
2022-11-07,2022-11-07,2022-11-08,9551.637331557378,9054.04789585482,-0.052094674287788134,1,STOCK_DD,,4.0,3.0,False,False,True,MBB
2022-12-16,2022-12-19,2022-12-20,10148.614664779712,9891.885163829444,-0.025296999583720114,4,MARKET_DD,,5.0,3.0,False,True,True,MBB
2018-01-26,2018-01-26,2018-01-29,15631.2,15768.400000000001,0.008777317160550746,3,STOCK_DD,,,3.0,False,False,True,STB
2018-04-09,2018-04-09,2018-04-10,16232.4,16467.0,0.014452576328823907,1,STOCK_DD,,2.0,3.0,False,False,True,STB
2018-06-13,2018-06-13,2018-06-14,12825.6,12724.500000000002,-0.007882672155688497,1,MARKET_DD,,5.0,1.0,False,True,False,STB
2018-08-14,2018-08-15,2018-08-16,11823.6,11277.400000000001,-0.04619574410501026,2,STOCK_DD,,4.0,3.0,False,False,True,STB
2018-08-31,2018-08-31,2018-09-04,11573.1,11327.300000000001,-0.021238907466452295,4,MARKET_DD,,5.0,4.0,False,True,True,STB
2018-09-11,2018-09-11,2018-09-12,11773.5,11976.000000000002,0.01719964326665835,1,MARKET_DD,,5.0,2.0,False,True,False,STB
2018-09-19,2018-10-05,2018-10-08,12474.9,13622.7,0.09200875357718297,19,STOCK_DD,,2.0,3.0,False,False,True,STB
2018-11-08,2018-11-08,2018-11-09,12975.9,12524.900000000001,-0.03475674134356754,1,STOCK_DD,,4.0,3.0,False,False,True,STB
2018-12-04,2018-12-04,2018-12-05,12825.6,12524.900000000001,-0.023445296906187574,1,MARKET_DD,,5.0,2.0,False,True,False,STB
2019-01-22,2019-02-25,2019-02-26,11873.7,12874.2,0.08426185603476588,35,STOCK_DD,,3.0,3.0,False,False,True,STB
2019-03-15,2019-03-15,2019-03-18,13026.0,12924.100000000002,-0.007822815906648128,3,STOCK_DD,,3.0,3.0,False,False,True,STB
2019-05-06,2019-05-06,2019-05-07,12224.4,12125.7,-0.008074015902620912,1,MARKET_DD,,5.0,5.0,False,True,True,STB
2019-05-09,2019-05-09,2019-05-10,12174.3,11976.000000000002,-0.01628841083265542,1,UGLY_BAR,MA50,6.0,6.0,True,True,True,STB
2019-07-18,2019-07-23,2019-07-24,11573.1,11477.000000000002,-0.00830373884266089,6,SELL_V4,MA50,4.0,2.0,True,False,False,STB
2019-08-26,2019-08-26,2019-08-27,10521.0,10528.900000000001,0.0007508791939931925,1,STOCK_DD,,4.0,3.0,False,False,True,STB
2019-09-20,2019-09-20,2019-09-23,10621.2,10329.300000000001,-0.027482770308439708,3,STOCK_DD,,4.0,4.0,False,False,True,STB
2019-10-09,2019-10-28,2019-10-29,11022.0,10778.400000000001,-0.0221012520413717,20,STOCK_DD,,3.0,3.0,False,False,True,STB
2019-11-05,2019-11-05,2019-11-06,10971.9,10928.1,-0.003992015968063756,1,STOCK_DD,,3.0,3.0,False,False,True,STB
2020-01-03,2020-01-15,2020-01-16,10270.5,10279.400000000001,0.0008665595637993295,13,STOCK_DD,,1.0,3.0,False,False,True,STB
2020-02-07,2020-02-21,2020-02-24,11022.0,10978.000000000002,-0.003992015968063756,17,MARKET_DD,,5.0,1.0,False,True,False,STB
2020-05-29,2020-05-29,2020-06-01,10220.4,10379.2,0.015537552346287953,3,STOCK_DD,,1.0,3.0,False,False,True,STB
2020-06-11,2020-06-11,2020-06-12,12174.3,11177.6,-0.08186918344381189,1,STOCK_DD,,2.0,5.0,False,False,True,STB
2020-07-07,2020-07-24,2020-07-27,11623.2,10379.2,-0.10702732466102283,20,MARKET_DD,,5.0,2.0,False,True,False,STB
2020-08-24,2020-08-24,2020-08-25,11122.2,11277.400000000001,0.013954073834313352,1,STOCK_DD,,3.0,3.0,False,False,True,STB
2020-09-16,2020-10-12,2020-10-13,11673.3,13273.400000000001,0.1370734924999788,27,SELL_V4,MA10,3.0,3.0,True,False,True,STB
2020-11-16,2020-12-24,2020-12-25,14078.1,16467.0,0.16968909156775425,39,STOCK_DD,,4.0,3.0,False,False,True,STB
2021-01-05,2021-01-19,2021-01-20,17585.1,19361.2,0.10100027864498928,15,UGLY_BAR,MA10,2.0,1.0,True,False,False,STB
2021-03-02,2021-03-02,2021-03-03,19639.2,19111.7,-0.026859546213695018,1,STOCK_DD,,3.0,3.0,False,False,True,STB
2021-03-17,2021-03-17,2021-03-18,19038.0,19810.300000000003,0.04056623594915454,1,STOCK_DD,,2.0,3.0,False,False,True,STB
2021-03-30,2021-03-30,2021-03-31,19288.5,21407.100000000002,0.10983746792130034,1,STOCK_DD,,4.0,3.0,False,False,True,STB
2021-04-28,2021-04-28,2021-04-29,23146.2,24201.500000000004,0.04559279708980313,1,STOCK_DD,,2.0,5.0,False,False,True,STB
2021-07-08,2021-07-12,2021-07-13,31062.0,28742.4,-0.07467645354452379,5,SELL_V4,MA50,4.0,2.0,True,False,False,STB
2021-08-05,2021-08-05,2021-08-06,30661.2,30938.000000000004,0.009027696241504124,1,MARKET_DD,,5.0,1.0,False,True,False,STB
2021-11-04,2021-11-19,2021-11-22,27955.8,27944.000000000004,-0.00042209487834354853,18,MARKET_DD,,5.0,2.0,False,True,False,STB
2021-11-23,2021-11-26,2021-11-29,29007.9,30039.800000000003,0.03557306802629623,6,MARKET_DD,,5.0,2.0,False,True,False,STB
2021-12-29,2021-12-29,2021-12-30,30561.0,29540.800000000003,-0.03338241549687504,1,MARKET_DD,,7.0,3.0,False,True,True,STB
2022-01-13,2022-01-13,2022-01-14,35470.8,33732.4,-0.04900932598080676,1,MARKET_DD,,5.0,2.0,False,True,False,STB
2022-03-23,2022-03-29,2022-03-30,34068.0,31886.100000000002,-0.06404543853469524,7,SELL_V4,MA50,4.0,1.0,True,False,False,STB
2022-08-25,2022-08-25,2022-08-26,25601.1,25648.600000000002,0.0018553890262529293,1,STOCK_DD,,2.0,4.0,False,False,True,STB
2022-12-22,2022-12-22,2022-12-23,23797.5,23403.100000000002,-0.01657316945057241,1,MARKET_DD,,5.0,2.0,False,True,False,STB
2018-03-15,2018-03-15,2018-03-16,4272.962653427203,4354.118108705716,0.018992783663442703,1,STOCK_DD,,3.0,4.0,False,False,True,SHB
2018-08-14,2018-08-14,2018-08-15,2892.467026935338,2815.444792095425,-0.026628561059698796,1,STOCK_DD,,3.0,3.0,False,False,True,SHB
2018-08-28,2018-08-28,2018-08-29,2826.729139959534,2848.1825222360694,0.007589472218354265,1,STOCK_DD,,4.0,3.0,False,False,True,SHB
2018-09-19,2018-09-19,2018-09-20,2760.9912529837316,2815.444792095425,0.01972245984222032,1,STOCK_DD,,3.0,3.0,False,False,True,SHB
2019-01-22,2019-03-05,2019-03-06,2366.5639311289124,2455.329760548336,0.03750831669993371,43,MARKET_DD,,5.0,2.0,False,True,False,SHB
2019-03-07,2019-03-19,2019-03-20,2498.0397050805186,2586.2806811109135,0.03532408866477588,13,STOCK_DD,,3.0,3.0,False,False,True,SHB
2019-06-21,2019-06-21,2019-06-24,2333.694987641011,2324.3788399857576,-0.003992015968063756,3,MARKET_DD,,7.0,1.0,False,True,False,SHB
2019-07-18,2019-08-05,2019-08-06,2235.088157177306,2095.2147290012463,-0.06258072091111877,19,STOCK_DD,,3.0,3.0,False,False,True,SHB
2019-09-17,2019-10-21,2019-10-22,2103.6123832257,2127.952459141891,0.01157060878243521,35,SELL_V4,MA10,3.0,2.0,True,False,False,SHB
2019-10-29,2019-10-29,2019-10-30,2235.088157177306,2160.690189282535,-0.03328636843959143,1,STOCK_DD,,3.0,4.0,False,False,True,SHB
2019-11-05,2019-11-05,2019-11-06,2202.2192136894046,2193.4279194231794,-0.003992015968063867,1,STOCK_DD,,3.0,4.0,False,False,True,SHB
2019-11-11,2019-11-13,2019-11-14,2235.088157177306,2193.4279194231794,-0.018639192203827593,3,MARKET_DD,,5.0,1.0,False,True,False,SHB
2019-11-18,2019-11-18,2019-11-19,2202.2192136894046,2127.952459141891,-0.03372359758095733,1,MARKET_DD,,5.0,0.0,False,True,False,SHB
2019-12-17,2019-12-17,2019-12-18,2103.6123832257,2062.4769988606017,-0.019554640718562832,1,MARKET_DD,,9.0,2.0,False,True,False,SHB
2020-01-09,2020-02-07,2020-02-10,2136.4813267136014,2825.0142824799887,0.3222742680487214,32,STOCK_DD,,4.0,3.0,False,False,True,SHB
2020-02-25,2020-02-25,2020-02-26,2796.3885767753313,2904.5921495921016,0.03869404049044767,1,MARKET_DD,,6.0,4.0,False,True,True,SHB
2020-02-27,2020-02-27,2020-02-28,3195.872659171807,3501.4261529329447,0.09560878243513016,1,MARKET_DD,,5.0,4.0,False,True,True,SHB
2020-03-12,2020-03-12,2020-03-13,4434.273314600881,4257.415890498011,-0.03988419557281808,1,MARKET_DD,,7.0,1.0,False,True,False,SHB
2020-05-11,2020-05-11,2020-05-12,6791.22940074009,6963.063372309832,0.025302336503463696,1,STOCK_DD,,3.0,6.0,False,False,True,SHB
2020-08-14,2020-08-14,2020-08-17,5073.447846435243,4933.827760950967,-0.027519763622361415,3,MARKET_DD,,5.0,4.0,False,True,True,SHB
2020-08-20,2020-08-20,2020-08-21,5393.035112352425,5331.717096511529,-0.01136985288681891,1,STOCK_DD,,4.0,4.0,False,False,True,SHB
2020-09-14,2020-10-07,2020-10-08,5832.467602988549,6167.284701188709,0.05740573647226088,24,SELL_V4,MA10,3.0,2.0,True,False,False,SHB
2020-10-15,2020-10-19,2020-10-20,6231.951685385024,6366.22936896899,0.02154665028916547,5,STOCK_DD,,2.0,3.0,False,False,True,SHB
2020-10-26,2020-10-28,2020-10-29,6471.642134822909,5968.340033408428,-0.07777038515561441,3,SELL_V4,MA10,3.0,2.0,True,False,False,SHB
2020-11-26,2020-11-26,2020-11-27,6831.177808979738,6803.907638085608,-0.003992015968063867,1,STOCK_DD,,1.0,4.0,False,False,True,SHB
2020-12-02,2020-12-02,2020-12-03,6911.074625459032,6963.063372309832,0.007522527199935514,1,STOCK_DD,,2.0,4.0,False,False,True,SHB
2020-12-09,2020-12-09,2020-12-10,7030.919850177976,6923.274438753775,-0.015310288513881387,1,STOCK_DD,,2.0,4.0,False,False,True,SHB
2020-12-22,2020-12-29,2020-12-30,7110.8166666572715,6843.6965716416635,-0.0375653188006011,8,SELL_V4,MA10,3.0,2.0,True,False,False,SHB
2021-01-06,2021-01-19,2021-01-20,7070.868258417623,6764.118704529551,-0.04338216222921387,14,UGLY_BAR,MA50,2.0,3.0,True,False,True,SHB
2021-02-24,2021-05-05,2021-05-06,6511.590543062557,11554.706304678713,0.7744829359685534,71,SELL_V4,MA10,2.0,1.0,True,False,False,SHB
2021-05-10,2021-05-11,2021-05-12,10766.096020585024,10285.439324240522,-0.044645403071408185,2,SELL_V4,MA20,3.0,2.0,True,False,False,SHB
2021-05-14,2021-06-16,2021-06-17,11557.074503730046,11817.313266148685,0.02251770223810934,34,STOCK_DD,,4.0,3.0,False,False,True,SHB
2021-08-06,2021-08-06,2021-08-09,12699.598979383965,12605.134150558597,-0.0074384103764787435,3,MARKET_DD,,5.0,2.0,False,True,False,SHB
2021-08-16,2021-08-20,2021-08-23,12743.542228447579,12298.759362176967,-0.03490260857595129,7,STOCK_DD,,4.0,3.0,False,False,True,SHB
2021-10-05,2021-10-15,2021-10-18,12304.109737811454,12233.107621809471,-0.005770601653835028,13,UGLY_BAR,MA50,3.0,2.0,True,False,False,SHB
2021-11-25,2021-11-26,2021-11-29,13799.10894540071,13202.919426943039,-0.04320492872522641,4,MARKET_DD,,5.0,2.0,False,True,False,SHB
2022-01-07,2022-01-07,2022-01-10,12196.456528513623,12012.492265497354,-0.015083418908285906,3,MARKET_DD,,6.0,2.0,False,True,False,SHB
2022-01-13,2022-01-13,2022-01-14,12060.638527082512,11687.830312375805,-0.030911150671629528,1,MARKET_DD,,5.0,2.0,False,True,False,SHB
2022-01-17,2022-01-17,2022-01-18,12196.456528513623,11579.609661335286,-0.05057590831699643,1,MARKET_DD,,5.0,3.0,False,True,True,SHB
2022-01-27,2022-02-14,2022-02-15,12114.965727654957,11958.381939977098,-0.012924822999740182,19,UGLY_BAR,MA50,4.0,1.0,True,False,False,SHB
2022-03-15,2022-03-15,2022-03-16,11979.147726223846,11768.995800656192,-0.01754314500251175,1,MARKET_DD,,5.0,5.0,False,True,True,SHB
2022-07-06,2022-07-06,2022-07-07,7442.826478424794,7304.893945234877,-0.018532278508676114,1,MARKET_DD,,6.0,3.0,False,True,True,SHB
2022-08-16,2022-08-18,2022-08-19,8692.352091591,8387.100455640046,-0.035117265469061576,3,STOCK_DD,,2.0,3.0,False,False,True,SHB
2022-10-28,2022-10-28,2022-10-31,6193.300865258589,6060.356458268936,-0.02146584024932585,3,MARKET_DD,,5.0,3.0,False,True,True,SHB
2022-11-07,2022-11-07,2022-11-08,6193.300865258589,5789.804830667643,-0.06515040095248115,1,STOCK_DD,,4.0,3.0,False,False,True,SHB
2018-07-19,2018-07-19,2018-07-20,6077.253905551209,5995.345854623811,-0.01347780629217743,1,MARKET_DD,,6.0,3.0,False,True,True,DCM
2018-07-31,2018-07-31,2018-08-01,6019.375296926912,6024.169632771041,0.000796483955166627,1,STOCK_DD,,3.0,3.0,False,False,True,DCM
2018-08-06,2018-08-29,2018-08-30,6077.253905551209,6331.1568623000185,0.041779224744400434,24,SELL_V4,MA10,4.0,3.0,True,False,True,DCM
2018-09-20,2018-09-21,2018-09-24,6608.276091614764,6519.211026526752,-0.013477806292177541,4,STOCK_DD,,3.0,3.0,False,False,True,DCM
2018-09-25,2018-09-25,2018-09-26,6671.212054392046,6769.949912162398,0.014800587504237184,1,STOCK_DD,,3.0,3.0,False,False,True,DCM
2018-11-28,2018-11-28,2018-11-29,6356.5322405056295,6519.211026526752,0.025592379597241255,1,STOCK_DD,,4.0,4.0,False,False,True,DCM
2018-12-25,2018-12-25,2018-12-26,6356.5322405056295,6550.553387231206,0.030523112191458646,1,MARKET_DD,,6.0,2.0,False,True,False,DCM
2019-05-23,2019-05-31,2019-06-03,5399.905606290921,5334.469791898333,-0.01211795523172765,11,MARKET_DD,,5.0,3.0,False,True,True,DCM
2019-07-30,2019-08-05,2019-08-06,5274.033680736355,5014.777712712887,-0.049157055816767325,7,SELL_V4,MA50,3.0,2.0,True,False,False,DCM
2019-09-03,2019-09-10,2019-09-11,5286.62087329181,5296.8589590529855,0.001936602984507152,8,STOCK_DD,,4.0,3.0,False,False,True,DCM
2019-09-20,2019-09-24,2019-09-25,5456.547972790477,5309.395903472047,-0.02696797866567202,5,STOCK_DD,,3.0,3.0,False,False,True,DCM
2019-10-16,2019-10-25,2019-10-28,5351.801579926078,5134.052577729906,-0.040687046958713946,12,STOCK_DD,,3.0,3.0,False,False,True,DCM
2020-03-05,2020-03-05,2020-03-06,4450.445524359581,4334.48701234574,-0.02605548396877122,1,STOCK_DD,,4.0,3.0,False,False,True,DCM
2020-04-09,2020-04-09,2020-04-10,4612.407940594186,4460.734206880083,-0.03288385061937171,1,MARKET_DD,,5.0,3.0,False,True,True,DCM
2020-05-13,2020-05-13,2020-05-14,6055.985998337405,5961.673075232816,-0.015573504154481554,1,STOCK_DD,,2.0,3.0,False,False,True,DCM
2020-05-21,2020-05-21,2020-05-22,5760.228542604647,5933.618143114072,0.030101166859435313,1,STOCK_DD,,1.0,3.0,False,False,True,DCM
2020-05-25,2020-05-25,2020-05-26,6041.9023099691785,6235.2086633905565,0.03199428648530467,1,STOCK_DD,,1.0,3.0,False,False,True,DCM
2020-06-10,2020-06-11,2020-06-12,6168.655505283217,5744.24735131256,-0.06880075465507329,2,UGLY_BAR,MA20,2.0,3.0,True,False,True,DCM
2020-08-14,2020-08-14,2020-08-17,6126.404440178538,6038.824138559357,-0.014295546837359674,3,MARKET_DD,,5.0,3.0,False,True,True,DCM
2020-08-24,2020-09-17,2020-09-18,6513.705870304768,7013.733029685665,0.07676538814263378,25,STOCK_DD,,3.0,3.0,False,False,True,DCM
2020-10-09,2020-10-09,2020-10-12,8591.04990461818,8486.616965919653,-0.01215601583717818,3,STOCK_DD,,3.0,4.0,False,False,True,DCM
2020-10-19,2020-10-19,2020-10-20,8872.723671982709,8626.891626513367,-0.02770649177834794,1,STOCK_DD,,2.0,4.0,False,False,True,DCM
2020-12-16,2020-12-16,2020-12-17,9329.68798106755,9292.443717670076,-0.003992015968063645,1,STOCK_DD,,2.0,4.0,False,False,True,DCM
2020-12-22,2020-12-22,2020-12-23,9403.733123774435,10288.06268742044,0.09404026592484338,1,STOCK_DD,,3.0,3.0,False,False,True,DCM
2021-01-19,2021-01-20,2021-01-21,11254.861691446566,10509.311347364965,-0.06624251497005973,2,SELL_V4,MA10,2.0,1.0,True,False,False,DCM
2021-02-19,2021-02-19,2021-02-22,10144.184550843285,10398.687017392702,0.02508850911316074,3,MARKET_DD,,5.0,5.0,False,True,True,DCM
2021-03-01,2021-03-01,2021-03-02,10144.184550843285,10656.810453994647,0.05053396855923209,1,STOCK_DD,,4.0,3.0,False,False,True,DCM
2021-03-18,2021-03-22,2021-03-23,13180.035401825584,12537.424063523116,-0.048756419744779955,5,STOCK_DD,,2.0,3.0,False,False,True,DCM
2021-03-24,2021-03-24,2021-03-25,12846.832259644601,12463.674510208273,-0.029825076072638623,1,STOCK_DD,,4.0,3.0,False,False,True,DCM
2021-03-29,2021-03-29,2021-03-30,12550.651688817059,12943.046606754748,0.03126490382067737,1,STOCK_DD,,4.0,3.0,False,False,True,DCM
2021-04-01,2021-04-01,2021-04-02,13180.035401825584,13422.418703301219,0.0183901859202944,1,STOCK_DD,,3.0,3.0,False,False,True,DCM
2021-04-13,2021-04-15,2021-04-16,13476.215972653124,12721.79794681022,-0.05598144370599445,3,STOCK_DD,,3.0,3.0,False,False,True,DCM
2021-05-17,2021-05-19,2021-05-20,13143.012830472142,12316.17540357859,-0.06291079812206568,3,SELL_V4,MA50,2.0,2.0,True,False,False,DCM
2021-05-24,2021-05-27,2021-05-28,12735.764545584272,12537.424063523116,-0.015573504154481554,4,STOCK_DD,,3.0,3.0,False,False,True,DCM
2021-06-03,2021-06-03,2021-06-04,13698.351400773783,13311.794373328956,-0.028219237201273173,1,STOCK_DD,,4.0,3.0,False,False,True,DCM
2021-09-01,2021-09-16,2021-09-17,19172.592433601596,19019.054916124987,-0.008008177193999155,16,SELL_V4,MA10,2.0,3.0,True,False,True,DCM
2021-10-14,2021-10-14,2021-10-15,24738.8289465827,25025.072258059197,0.011570608782435432,1,STOCK_DD,,3.0,4.0,False,False,True,DCM
2021-11-08,2021-11-08,2021-11-09,28217.726767195894,28374.581929522505,0.005558745522653563,1,STOCK_DD,,2.0,3.0,False,False,True,DCM
2022-02-24,2022-03-07,2022-03-08,24777.483366811735,33495.09671463307,0.35183610937251886,12,MARKET_DD,,5.0,1.0,False,True,False,DCM
2022-04-20,2022-04-20,2022-04-21,34015.88980155122,32070.59260148201,-0.05718789693340598,1,STOCK_DD,,3.0,4.0,False,False,True,DCM
2022-08-17,2022-08-31,2022-09-05,27114.411858502302,30922.473392139076,0.14044418715439244,19,STOCK_DD,,4.0,3.0,False,False,True,DCM
2022-10-26,2022-10-26,2022-10-27,26622.91194565936,26108.684658270457,-0.019315215722401247,1,MARKET_DD,,5.0,6.0,False,True,True,DCM
2022-12-07,2022-12-07,2022-12-08,24574.995642147103,24558.481506685654,-0.0006719893546238698,1,MARKET_DD,,5.0,4.0,False,True,True,DCM
2022-12-21,2022-12-21,2022-12-22,23510.079164320727,22518.740517758273,-0.04216653800413084,1,SELL_V4,MA50,5.0,4.0,True,True,True,DCM
2018-08-01,2018-08-01,2018-08-02,9009.234579662554,9208.523829785689,0.02212055290168702,1,STOCK_DD,,3.0,4.0,False,False,True,PVD
2019-05-03,2019-05-03,2019-05-06,12990.843869550872,12569.29895014543,-0.03244938694040478,3,MARKET_DD,,5.0,4.0,False,True,True,PVD
2019-05-08,2019-05-08,2019-05-09,12754.64670828631,13375.884979031767,0.04870681916590125,1,MARKET_DD,,6.0,4.0,False,True,True,PVD
2019-11-06,2019-11-06,2019-11-07,12619.676901849423,12384.456318525647,-0.018639192203827704,1,STOCK_DD,,3.0,5.0,False,False,True,PVD
2019-12-19,2019-12-19,2019-12-20,11283.475818124187,11312.36905513089,0.0025606681374097384,1,MARKET_DD,,7.0,5.0,False,True,True,PVD
2019-12-31,2020-01-10,2020-01-13,11283.475818124187,11127.526423511104,-0.013821042126273442,13,SELL_V4,MA50,4.0,1.0,True,False,False,PVD
2020-02-21,2020-02-21,2020-02-24,9984.3914311691,9316.068633637204,-0.06693675845335334,3,MARKET_DD,,5.0,3.0,False,True,True,PVD
2020-06-03,2020-06-03,2020-06-04,8536.840257133432,8428.824001862231,-0.012652954959645801,1,STOCK_DD,,1.0,4.0,False,False,True,PVD
2020-07-10,2020-07-13,2020-07-14,7794.506321730524,7726.422001707045,-0.008734911130120593,4,SELL_V4,MA50,2.0,2.0,True,False,False,PVD
2020-08-25,2020-09-04,2020-09-07,8091.439895891687,8170.044317594532,0.009714515922284228,13,STOCK_DD,,2.0,3.0,False,False,True,PVD
2020-09-23,2020-09-23,2020-09-24,8573.956953903578,8465.792528186188,-0.012615461717258247,1,STOCK_DD,,2.0,3.0,False,False,True,PVD
2020-09-28,2020-10-07,2020-10-08,8759.540437754305,8946.38337039763,0.021330220914103748,10,STOCK_DD,,3.0,3.0,False,False,True,PVD
2020-12-29,2021-01-20,2021-01-21,11580.409392285352,16118.27747724532,0.3918573110189878,23,STOCK_DD,,2.0,3.0,False,False,True,PVD
2021-05-31,2021-05-31,2021-06-01,15589.012643461048,16783.710951076544,0.07663720178690236,1,STOCK_DD,,3.0,4.0,False,False,True,PVD
2021-06-10,2021-06-21,2021-06-22,17407.73078519817,17633.987056527567,0.012997459239304288,12,MARKET_DD,,5.0,1.0,False,True,False,PVD
2021-08-11,2021-08-11,2021-08-12,14772.445314517852,14454.693792667247,-0.02150974433043462,1,MARKET_DD,,5.0,3.0,False,True,True,PVD
2021-09-07,2021-09-08,2021-09-09,14289.928256505962,13493.512108244362,-0.05573269046322926,2,SELL_V4,MA50,3.0,2.0,True,False,False,PVD
2021-09-16,2021-09-24,2021-09-27,14995.145495138724,16118.27747724532,0.07489970553941627,11,STOCK_DD,,2.0,3.0,False,False,True,PVD
2021-11-03,2021-11-03,2021-11-04,20933.81697836198,20554.50063612018,-0.018119788791211677,1,STOCK_DD,,2.0,3.0,False,False,True,PVD
2021-11-08,2021-11-08,2021-11-09,22232.901365317066,22698.675162909694,0.020949753248095115,1,STOCK_DD,,2.0,3.0,False,False,True,PVD
2022-03-30,2022-03-30,2022-03-31,26872.48846158524,26025.84253206584,-0.03150604867612827,1,STOCK_DD,,3.0,3.0,False,False,True,PVD
2022-08-02,2022-08-04,2022-08-05,15366.312462840177,15615.505519239503,0.016216841678961202,3,STOCK_DD,,2.0,3.0,False,False,True,PVD
2022-08-30,2022-08-31,2022-09-05,21557.377484100423,19909.769537030363,-0.07642896026129564,6,STOCK_DD,,4.0,3.0,False,False,True,PVD
2022-09-06,2022-09-06,2022-09-07,21116.4311264711,20300.157175011354,-0.03865586692045142,1,STOCK_DD,,4.0,3.0,False,False,True,PVD
2022-10-10,2022-10-10,2022-10-11,19989.56821252948,20056.164901273238,0.003331572149818385,1,MARKET_DD,,7.0,1.0,False,True,False,PVD
2022-10-18,2022-10-18,2022-10-19,21459.389404627236,20690.54481299234,-0.035827887603787745,1,MARKET_DD,,6.0,1.0,False,True,False,PVD
2018-06-25,2018-06-25,2018-06-26,9801.97744105448,9705.419274175947,-0.009850886462369313,1,STOCK_DD,,3.0,3.0,False,False,True,PC1
2018-07-09,2018-07-09,2018-07-10,9427.195950661218,9475.705208514975,0.005145671958834752,1,MARKET_DD,,8.0,3.0,False,True,True,PC1
2018-07-11,2018-07-11,2018-07-12,9398.366605246352,9332.133917476871,-0.007047255182885626,1,MARKET_DD,,8.0,2.0,False,True,False,PC1
2018-07-27,2018-07-27,2018-07-30,9398.366605246352,9332.133917476871,-0.007047255182885626,3,MARKET_DD,,5.0,1.0,False,True,False,PC1
2018-08-01,2018-08-02,2018-08-03,9513.683986905817,9159.848368231143,-0.037192282102461616,2,SELL_V4,MA20,2.0,1.0,True,False,False,PC1
2018-09-10,2018-09-10,2018-09-11,8305.013680387558,8222.327837752313,-0.009956135632925966,1,MARKET_DD,,5.0,2.0,False,True,False,PC1
2018-09-14,2018-10-11,2018-10-12,8619.974279044967,8255.349234691079,-0.04230001535390737,28,UGLY_BAR,MA50,2.0,3.0,True,False,True,PC1
2018-12-24,2018-12-24,2018-12-25,8205.552438706267,7760.028280609614,-0.05429544950503018,1,MARKET_DD,,5.0,2.0,False,True,False,PC1
2019-01-16,2019-01-16,2019-01-17,7956.899334503047,7908.6245668340525,-0.006067032601463573,1,MARKET_DD,,5.0,2.0,False,True,False,PC1
2019-01-22,2019-01-22,2019-01-23,7857.438092821759,7528.878502038263,-0.04181510396927657,1,STOCK_DD,,3.0,3.0,False,False,True,PC1
2019-01-24,2019-02-25,2019-02-26,7592.208115004991,7611.431994385174,0.0025320537963375855,33,SELL_V4,MA50,3.0,2.0,True,False,False,PC1
2019-03-13,2019-03-13,2019-03-14,7956.899334503047,7859.092471425906,-0.012292082501663248,1,STOCK_DD,,3.0,3.0,False,False,True,PC1
2019-03-15,2019-03-19,2019-03-20,8023.206828957239,8123.26364693602,0.012470925916761688,5,STOCK_DD,,3.0,3.0,False,False,True,PC1
2019-04-16,2019-04-16,2019-04-17,7990.053081730143,7908.6245668340525,-0.010191235785690034,1,SELL_V4,MA50,5.0,1.0,True,True,False,PC1
2019-06-18,2019-06-18,2019-06-19,7791.130598367567,7925.135265303435,0.01719964326665835,1,UGLY_BAR,MA50,9.0,3.0,True,True,True,PC1
2019-08-19,2019-08-19,2019-08-20,7121.424904380227,6934.493357140505,-0.026249177622408748,1,STOCK_DD,,3.0,3.0,False,False,True,PC1
2019-09-20,2019-09-27,2019-09-30,8354.7443012282,8281.76635224209,-0.008734911130120704,10,STOCK_DD,,3.0,3.0,False,False,True,PC1
2019-10-30,2019-10-30,2019-10-31,7877.330341158017,7707.194045507591,-0.02159821770600201,1,STOCK_DD,,2.0,3.0,False,False,True,PC1
2019-11-14,2019-11-14,2019-11-15,8076.252824520593,7925.135265303435,-0.018711345781343702,1,MARKET_DD,,5.0,2.0,False,True,False,PC1
2020-05-29,2020-06-05,2020-06-08,6842.9334276726195,7211.873091426125,0.05391542496402568,10,STOCK_DD,,1.0,3.0,False,False,True,PC1
2020-08-24,2020-08-24,2020-08-25,7638.623361122925,7727.00688367085,0.01157060878243521,1,STOCK_DD,,3.0,3.0,False,False,True,PC1
2020-09-14,2020-09-24,2020-09-25,7877.330341158017,8598.771762854227,0.09158450775217242,11,STOCK_DD,,2.0,3.0,False,False,True,PC1
2020-10-05,2020-10-07,2020-10-08,8752.58926795335,8935.590011629623,0.020908183632734945,3,STOCK_DD,,3.0,3.0,False,False,True,PC1
2020-10-20,2020-10-20,2020-10-21,8911.727254643412,9034.654202445918,0.013793840889649633,1,STOCK_DD,,2.0,3.0,False,False,True,PC1
2020-12-16,2020-12-16,2020-12-17,10789.555497586132,10651.381796567815,-0.012806245915249148,1,STOCK_DD,,2.0,4.0,False,False,True,PC1
2021-01-06,2021-01-06,2021-01-07,11219.228061649297,11150.665318281932,-0.006111181891536144,1,STOCK_DD,,3.0,3.0,False,False,True,PC1
2021-01-27,2021-01-27,2021-01-28,10980.521081614204,10318.526115425071,-0.06028811941334722,1,STOCK_DD,,3.0,4.0,False,False,True,PC1
2021-02-03,2021-02-03,2021-02-04,12030.831793768606,12220.558579097897,0.01577004720717312,1,STOCK_DD,,4.0,3.0,False,False,True,PC1
2021-03-01,2021-03-01,2021-03-02,14226.93601009145,13433.104274689322,-0.055797800372409556,1,STOCK_DD,,4.0,3.0,False,False,True,PC1
2021-03-10,2021-03-10,2021-03-11,13654.039258007231,13409.328868893412,-0.017922197562916242,1,STOCK_DD,,2.0,3.0,False,False,True,PC1
2021-03-12,2021-03-12,2021-03-15,14155.32391608092,13932.387796403438,-0.015749277162369957,3,STOCK_DD,,2.0,3.0,False,False,True,PC1
2021-03-22,2021-03-22,2021-03-23,14513.384386133557,14122.59104277072,-0.026926410337220208,1,STOCK_DD,,2.0,3.0,False,False,True,PC1
2021-05-31,2021-05-31,2021-06-01,12555.98714984581,13528.205897872964,0.07743068995089653,1,STOCK_DD,,3.0,3.0,False,False,True,PC1
2021-06-11,2021-06-21,2021-06-22,13057.271807919502,13551.981303668874,0.03788766160549106,11,MARKET_DD,,5.0,2.0,False,True,False,PC1
2021-07-28,2021-07-28,2021-07-29,12532.1164518423,12458.312637057,-0.005889174032886468,1,MARKET_DD,,5.0,0.0,False,True,False,PC1
2021-07-30,2021-07-30,2021-08-02,12890.176921894938,12743.617506607921,-0.011369852886819132,3,MARKET_DD,,5.0,0.0,False,True,False,PC1
2021-08-05,2021-08-05,2021-08-06,12794.694129880898,12981.371564567025,0.014590222539994757,1,MARKET_DD,,5.0,1.0,False,True,False,PC1
2021-08-30,2021-09-07,2021-09-08,16709.4886024564,15977.072694851724,-0.04383233532934139,9,STOCK_DD,,3.0,3.0,False,False,True,PC1
2021-09-30,2021-09-30,2021-10-01,18141.73048266695,18449.714897626396,0.01697657316945045,1,STOCK_DD,,3.0,4.0,False,False,True,PC1
2021-10-13,2021-10-13,2021-10-14,18762.368630758185,18830.12139036096,0.003611098413859315,1,STOCK_DD,,3.0,3.0,False,False,True,PC1
2021-11-30,2021-11-30,2021-12-01,22314.328493680347,21454.92619022946,-0.038513473694459566,1,STOCK_DD,,4.0,3.0,False,False,True,PC1
2022-02-21,2022-02-21,2022-02-22,21712.78690399192,21169.621320678536,-0.025015931198289598,1,STOCK_DD,,3.0,3.0,False,False,True,PC1
2022-02-24,2022-02-24,2022-02-25,21770.07657920034,21683.170085870202,-0.003992015968063756,1,STOCK_DD,,4.0,5.0,False,False,True,PC1
2022-03-29,2022-03-30,2022-03-31,28587.54792900255,26818.657737786827,-0.06187624750498988,2,STOCK_DD,,3.0,3.0,False,False,True,PC1
2022-07-21,2022-07-25,2022-07-26,21684.142066387707,21597.578625004924,-0.003992015968063756,5,SELL_V4,MA50,4.0,2.0,True,False,False,PC1
2022-07-29,2022-08-01,2022-08-02,21684.142066387707,21226.68229458872,-0.02109651239133359,4,SELL_V4,MA50,3.0,0.0,True,False,False,PC1
2022-08-03,2022-08-22,2022-08-23,21884.655929617187,21569.04813804983,-0.014421418942220376,20,STOCK_DD,,2.0,3.0,False,False,True,PC1
2022-08-25,2022-08-25,2022-08-26,23288.252972223516,22852.92005102899,-0.018693240824623425,1,STOCK_DD,,2.0,3.0,False,False,True,PC1
2022-12-26,2022-12-26,2022-12-27,14033.105942302955,13058.403879345775,-0.06945732947251038,1,MARKET_DD,,6.0,2.0,False,True,False,PC1
2018-03-20,2018-03-20,2018-03-21,17980.748192478117,18119.93828583672,0.007741062377861985,1,STOCK_DD,,2.0,3.0,False,False,True,DXG
2018-04-05,2018-04-05,2018-04-06,17863.073138862426,17815.204524237917,-0.002679752484490927,1,STOCK_DD,,2.0,6.0,False,False,True,DXG
2018-05-16,2018-05-16,2018-05-17,16851.06767776745,17018.208532364115,0.009918710065901948,1,MARKET_DD,,5.0,1.0,False,True,False,DXG
2018-05-21,2018-05-21,2018-05-22,17180.557827891393,16422.805644317214,-0.044105214229075984,1,MARKET_DD,,6.0,1.0,False,True,False,DXG
2018-06-13,2018-06-13,2018-06-14,17339.654500379813,17588.295077139726,0.014339419320867464,1,MARKET_DD,,5.0,3.0,False,True,True,DXG
2018-08-03,2018-08-03,2018-08-06,13855.766863033561,13826.942816667075,-0.002080292390267302,3,STOCK_DD,,2.0,3.0,False,False,True,DXG
2018-08-30,2018-08-31,2018-09-04,15212.089531008056,14886.47866468754,-0.021404742961629086,5,MARKET_DD,,5.0,1.0,False,True,False,DXG
2019-02-12,2019-02-12,2019-02-13,13137.713685870593,13164.732911654284,0.002056615513911675,1,STOCK_DD,,2.0,3.0,False,False,True,DXG
2019-02-28,2019-03-05,2019-03-06,13350.47018280777,13562.058854661958,0.01584878052659633,6,MARKET_DD,,5.0,1.0,False,True,False,DXG
2019-06-21,2019-06-21,2019-06-24,9866.582545461519,10171.544140996468,0.030908533337637545,3,MARKET_DD,,7.0,1.0,False,True,False,DXG
2019-07-15,2019-07-15,2019-07-16,9999.555356047254,9880.17178279084,-0.011938888181084684,1,MARKET_DD,,5.0,4.0,False,True,True,DXG
2019-07-18,2019-07-18,2019-07-19,10105.933604515842,10171.544140996468,0.006492278600693346,1,STOCK_DD,,4.0,3.0,False,False,True,DXG
2019-09-09,2019-09-09,2019-09-10,10215.23223735425,10174.452867145252,-0.003992015968063867,1,STOCK_DD,,3.0,3.0,False,False,True,DXG
2019-10-23,2019-10-23,2019-10-24,10688.786049681934,10646.116245092386,-0.003992015968063867,1,STOCK_DD,,3.0,5.0,False,False,True,DXG
2019-11-07,2019-11-07,2019-11-08,10959.38822815489,11016.708899193703,0.00523028018038052,1,STOCK_DD,,3.0,4.0,False,False,True,DXG
2019-11-12,2019-11-12,2019-11-13,11027.038772773132,10848.257692784013,-0.016212972827351235,1,STOCK_DD,,4.0,3.0,False,False,True,DXG
2019-12-27,2019-12-27,2019-12-30,9674.02788040833,9837.550454325874,0.01690325642421464,3,MARKET_DD,,6.0,3.0,False,True,True,DXG
2020-03-05,2020-03-05,2020-03-06,8929.871889607688,8557.321285612234,-0.04171959112078838,1,STOCK_DD,,4.0,3.0,False,False,True,DXG
2020-08-17,2020-08-17,2020-08-18,6426.801738732806,6320.289264491555,-0.0165731694505723,1,STOCK_DD,,4.0,3.0,False,False,True,DXG
2020-09-17,2020-09-29,2020-09-30,6968.006095678727,6771.738497669523,-0.028166967036799995,13,STOCK_DD,,3.0,3.0,False,False,True,DXG
2020-10-06,2020-10-06,2020-10-07,7576.860997242888,7613.994529717971,0.004900912460792828,1,STOCK_DD,,4.0,4.0,False,False,True,DXG
2020-10-19,2020-10-19,2020-10-20,8050.414809570569,8119.34814894704,0.008562706519733787,1,STOCK_DD,,2.0,4.0,False,False,True,DXG
2020-12-02,2020-12-02,2020-12-03,9572.55206348097,9770.169971761998,0.020644223919651816,1,STOCK_DD,,2.0,4.0,False,False,True,DXG
2020-12-23,2020-12-23,2020-12-24,10688.786049681934,10376.59431483688,-0.029207407968872556,1,STOCK_DD,,3.0,3.0,False,False,True,DXG
2020-12-30,2020-12-30,2020-12-31,10993.21350046401,10780.877210220135,-0.019315215722401136,1,STOCK_DD,,3.0,3.0,False,False,True,DXG
2021-04-16,2021-04-16,2021-04-19,16439.082342232337,16508.21822814958,0.004205580608330761,3,STOCK_DD,,4.0,3.0,False,False,True,DXG
2021-04-20,2021-04-20,2021-04-22,17589.14160074242,17249.40353635222,-0.019315215722401136,2,STOCK_DD,,3.0,3.0,False,False,True,DXG
2021-04-26,2021-04-26,2021-04-27,16303.781252995856,14891.086646616563,-0.08664828020307913,1,STOCK_DD,,2.0,3.0,False,False,True,DXG
2021-05-12,2021-05-18,2021-05-19,16303.781252995856,15564.891472255322,-0.04532014808557128,7,SELL_V4,MA50,3.0,2.0,True,False,False,DXG
2021-05-24,2021-06-07,2021-06-08,16574.383431468817,18529.63270506586,0.1179681453419692,15,STOCK_DD,,3.0,3.0,False,False,True,DXG
2021-08-06,2021-08-06,2021-08-09,15491.974717576975,15497.510989691444,0.0003573638748703978,3,MARKET_DD,,5.0,2.0,False,True,False,DXG
2021-08-13,2021-08-13,2021-08-16,15424.324172958737,15564.891472255322,0.009113352242882788,3,SELL_V4,MA50,5.0,3.0,True,True,True,DXG
2021-10-07,2021-10-07,2021-10-08,15442.928072728755,16272.38653917602,0.05371121736376128,1,STOCK_DD,,4.0,3.0,False,False,True,DXG
2021-10-22,2021-11-01,2021-11-02,17037.78966210376,18248.31919036168,0.07104968145900004,11,STOCK_DD,,2.0,3.0,False,False,True,DXG
2022-02-16,2022-02-16,2022-02-17,29329.893619237984,28902.857995774542,-0.014559739936572447,1,STOCK_DD,,4.0,3.0,False,False,True,DXG
2022-07-11,2022-07-11,2022-07-12,16493.20277792693,16427.361649072933,-0.003992015968063756,1,MARKET_DD,,5.0,3.0,False,True,True,DXG
2018-03-02,2018-03-02,2018-03-05,6392.538238428747,6777.26520126276,0.06018375619894245,3,MARKET_DD,,5.0,5.0,False,True,True,VSC
2018-06-07,2018-06-07,2018-06-08,5856.331891326823,5883.674654127602,0.004668923023517957,1,STOCK_DD,,4.0,5.0,False,False,True,VSC
2018-08-15,2018-08-31,2018-09-04,6823.899769024299,7106.963913353597,0.04148128693422626,20,MARKET_DD,,5.0,1.0,False,True,False,VSC
2018-09-06,2018-09-06,2018-09-07,7170.255805675461,7106.963913353597,-0.008827006181811092,1,MARKET_DD,,5.0,2.0,False,True,False,VSC
2018-09-19,2018-09-19,2018-09-20,7570.537076380643,7418.976963208144,-0.02001973065363516,1,STOCK_DD,,3.0,3.0,False,False,True,VSC
2018-12-04,2018-12-04,2018-12-05,7300.782306992367,7280.3044966061225,-0.002804878919158038,1,MARKET_DD,,5.0,4.0,False,True,True,VSC
2019-01-23,2019-01-28,2019-01-29,7570.537076380643,7271.6374674434965,-0.03948195562897183,6,STOCK_DD,,2.0,3.0,False,False,True,VSC
2019-02-01,2019-02-01,2019-02-11,7509.624709099418,7444.978050696024,-0.008608507203437421,10,STOCK_DD,,2.0,3.0,False,False,True,VSC
2019-02-13,2019-02-13,2019-02-14,7483.519408836038,7704.988925574814,0.029594299772548238,1,STOCK_DD,,2.0,3.0,False,False,True,VSC
2019-02-27,2019-03-01,2019-03-04,7831.590079014459,7540.315371484912,-0.03719228210246173,5,STOCK_DD,,4.0,3.0,False,False,True,VSC
2019-03-08,2019-03-08,2019-03-11,7657.554743925249,7540.315371484912,-0.015310288513881387,3,STOCK_DD,,3.0,3.0,False,False,True,VSC
2019-03-19,2019-03-19,2019-03-20,7674.95827743417,7453.645079858648,-0.02883575253121884,1,STOCK_DD,,3.0,3.0,False,False,True,VSC
2019-05-30,2019-05-31,2019-06-03,6735.167467952434,6570.700388328945,-0.02441915221946045,4,MARKET_DD,,5.0,2.0,False,True,False,VSC
2019-06-12,2019-06-12,2019-06-13,6577.105238891222,6471.445095453886,-0.016064840016935533,1,MARKET_DD,,7.0,2.0,False,True,False,VSC
2019-07-15,2019-07-15,2019-07-16,6248.249976946661,6342.413214716308,0.015070337793313016,1,MARKET_DD,,5.0,4.0,False,True,True,VSC
2019-09-03,2019-09-03,2019-09-04,6082.407305920208,5925.540984445524,-0.025790170500749054,1,STOCK_DD,,3.0,4.0,False,False,True,VSC
2020-02-19,2020-02-19,2020-02-20,5232.508641961662,5262.614712519605,0.005753659022463831,1,STOCK_DD,,4.0,4.0,False,False,True,VSC
2020-04-23,2020-04-23,2020-04-24,4781.959952634238,4732.27369497887,-0.010390354195249585,1,STOCK_DD,,3.0,3.0,False,False,True,VSC
2020-04-28,2020-04-28,2020-04-29,5119.871469629807,5446.194295514475,0.06373652694610765,1,STOCK_DD,,3.0,3.0,False,False,True,VSC
2020-06-09,2020-06-11,2020-06-12,5939.0509047705755,5507.387489846098,-0.0726822217633698,3,UGLY_BAR,MA10,2.0,1.0,True,False,False,VSC
2020-10-01,2020-10-01,2020-10-02,7899.446661135558,7857.350988296007,-0.005328939436562985,1,STOCK_DD,,3.0,6.0,False,False,True,VSC
2020-11-23,2020-12-10,2020-12-11,10459.181645220637,11533.581470624325,0.10272312517821502,18,STOCK_DD,,2.0,3.0,False,False,True,VSC
2021-03-02,2021-03-12,2021-03-15,13886.980671805552,12868.588054510632,-0.07333434397028726,13,SELL_V4,MA50,2.0,1.0,True,False,False,VSC
2021-05-17,2021-05-17,2021-05-18,10986.757741229247,11362.928873634246,0.03423859352003067,1,STOCK_DD,,4.0,4.0,False,False,True,VSC
2021-06-04,2021-06-21,2021-06-22,11763.5991976798,13043.050652615184,0.10876360486574033,18,MARKET_DD,,5.0,1.0,False,True,False,VSC
2021-06-25,2021-07-07,2021-07-08,13494.845872055317,13131.478114666814,-0.026926410337220208,13,SELL_V4,MA10,2.0,0.0,True,False,False,VSC
2021-07-27,2021-07-27,2021-07-28,14538.032970717488,14148.39392826054,-0.02680135911383319,1,MARKET_DD,,5.0,1.0,False,True,False,VSC
2021-08-13,2021-08-13,2021-08-16,15758.783830854069,15806.408841728573,0.003022124764555656,3,MARKET_DD,,5.0,2.0,False,True,False,VSC
2021-09-13,2021-09-13,2021-09-14,16091.715883618594,15916.943169293107,-0.010861036547594405,1,STOCK_DD,,2.0,4.0,False,False,True,VSC
2021-09-17,2021-09-21,2021-09-22,15070.724255140723,14281.03512133798,-0.05239888411689142,5,STOCK_DD,,2.0,3.0,False,False,True,VSC
2021-11-08,2021-11-12,2021-11-15,17338.967848584925,17289.33062795032,-0.0028627552151933022,7,STOCK_DD,,3.0,3.0,False,False,True,VSC
2021-11-19,2021-11-19,2021-11-22,17692.82433529074,17191.42954851685,-0.02833887779995592,3,MARKET_DD,,5.0,2.0,False,True,False,VSC
2021-12-16,2021-12-16,2021-12-17,17358.6265422908,17817.996456891047,0.026463494302448654,1,MARKET_DD,,7.0,4.0,False,True,True,VSC
2021-12-21,2021-12-21,2021-12-22,17574.87217305547,17250.170196176932,-0.018475353543472628,1,MARKET_DD,,6.0,2.0,False,True,False,VSC
2021-12-24,2021-12-24,2021-12-27,17299.65046117317,17622.194298024115,0.018644529123571285,3,MARKET_DD,,7.0,3.0,False,True,True,VSC
2022-02-18,2022-02-18,2022-02-21,16808.1831185262,16662.76371957613,-0.00865170244306701,3,STOCK_DD,,4.0,3.0,False,False,True,VSC
2022-03-04,2022-03-04,2022-03-07,17692.82433529074,17269.75041206363,-0.023912175648702627,3,STOCK_DD,,4.0,4.0,False,False,True,VSC
2022-03-10,2022-03-10,2022-03-11,18872.345957643454,18405.402933491852,-0.024742182302062266,1,MARKET_DD,,5.0,4.0,False,True,True,VSC
2022-04-19,2022-04-25,2022-04-26,18282.585146467096,16290.739617728956,-0.10894769600583765,7,UGLY_BAR,MA50,5.0,2.0,True,True,False,VSC
2022-04-27,2022-05-06,2022-05-09,17574.87217305547,20089.301499747486,0.14306956556685257,12,MARKET_DD,,5.0,0.0,False,True,False,VSC
2022-08-02,2022-08-02,2022-08-03,16413.043375038043,16110.601631571379,-0.01842691428736709,1,STOCK_DD,,2.0,3.0,False,False,True,VSC
2022-08-04,2022-08-04,2022-08-05,16650.913568879176,16476.751668652545,-0.010459600279959513,1,STOCK_DD,,2.0,3.0,False,False,True,VSC
2022-08-09,2022-08-09,2022-08-10,16823.910073490904,16541.366381078635,-0.01679417514585202,1,STOCK_DD,,2.0,3.0,False,False,True,VSC
2022-09-26,2022-09-26,2022-09-27,15656.18366736172,15184.457420130779,-0.030130347040725147,1,MARKET_DD,,7.0,1.0,False,True,False,VSC
2022-09-28,2022-09-28,2022-09-29,15346.046771422376,15506.30373241296,0.01044288235123969,1,MARKET_DD,,6.0,1.0,False,True,False,VSC
2022-12-12,2022-12-19,2022-12-20,14278.495691671254,13291.117484925395,-0.06915141679258296,8,MARKET_DD,,5.0,3.0,False,True,True,VSC
2018-07-31,2018-07-31,2018-08-01,16836.28701306268,16642.993006114277,-0.011480797802890463,1,STOCK_DD,,3.0,3.0,False,False,True,GMD
2018-08-10,2018-08-15,2018-08-16,16646.40407682513,15823.451683843497,-0.04943724717864639,6,UGLY_BAR,MA50,4.0,0.0,True,False,False,GMD
2018-08-23,2018-08-31,2018-09-04,16867.934169102267,16769.076286463627,-0.005860698864934011,12,MARKET_DD,,5.0,2.0,False,True,False,GMD
2018-09-06,2018-09-06,2018-09-07,16867.934169102267,17147.32612751168,0.016563495897510938,1,MARKET_DD,,5.0,2.0,False,True,False,GMD
2018-09-12,2018-09-12,2018-09-13,17342.64150969614,17084.284487337005,-0.014897212873522636,1,MARKET_DD,,5.0,4.0,False,True,True,GMD
2018-10-05,2018-10-10,2018-10-11,18829.872048604106,17953.790319405158,-0.046526164752345944,6,STOCK_DD,,1.0,3.0,False,False,True,GMD
2018-10-29,2018-10-29,2018-10-30,18159.769840468725,17820.304889521107,-0.018693240824623647,1,MARKET_DD,,5.0,4.0,False,True,True,GMD
2018-11-13,2018-11-13,2018-11-14,18695.851606977027,19388.75869065873,0.03706207656371863,1,MARKET_DD,,6.0,1.0,False,True,False,GMD
2018-11-20,2018-11-20,2018-11-21,19332.448704705635,19555.6154780138,0.01154363716241713,1,MARKET_DD,,5.0,0.0,False,True,False,GMD
2019-01-24,2019-03-05,2019-03-06,17724.20340518073,18487.732038941376,0.04307830463836071,41,MARKET_DD,,5.0,1.0,False,True,False,GMD
2019-05-09,2019-05-09,2019-05-10,17489.66763233335,17286.36316998489,-0.011624261056431329,1,MARKET_DD,,6.0,2.0,False,True,False,GMD
2019-05-15,2019-05-15,2019-05-16,17690.698294773963,17653.44810216604,-0.002105637210427558,1,MARKET_DD,,5.0,1.0,False,True,False,GMD
2019-05-20,2019-05-31,2019-06-03,18159.769840468725,17353.105884926917,-0.04442038432360362,14,MARKET_DD,,5.0,3.0,False,True,True,GMD
2019-06-27,2019-06-27,2019-06-28,17791.21362599427,17620.076744695027,-0.009619179719656756,1,MARKET_DD,,7.0,3.0,False,True,True,GMD
2019-07-02,2019-07-02,2019-07-03,17690.698294773963,18354.246609057318,0.037508316699933486,1,MARKET_DD,,5.0,2.0,False,True,False,GMD
2019-08-09,2019-08-09,2019-08-12,18896.88226941764,18554.474753883394,-0.01811978879121201,3,STOCK_DD,,2.0,4.0,False,False,True,GMD
2019-08-16,2019-08-16,2019-08-19,18729.356717383795,19021.673758477587,0.015607425578182177,3,STOCK_DD,,3.0,5.0,False,False,True,GMD
2019-09-03,2019-09-10,2019-09-11,19231.933373485328,17920.418961934145,-0.06819462121054043,8,UGLY_BAR,MA50,4.0,2.0,True,False,False,GMD
2019-11-06,2019-11-07,2019-11-08,18380.58698525537,18024.47453308687,-0.019374378655815816,2,SELL_V4,MA50,3.0,1.0,True,False,False,GMD
2019-12-19,2019-12-19,2019-12-20,16890.269121586014,16822.842897547747,-0.003992015968063867,1,MARKET_DD,,7.0,2.0,False,True,False,GMD
2020-04-09,2020-04-09,2020-04-10,11567.705322766893,11733.57949997028,0.014339419320867686,1,MARKET_DD,,5.0,3.0,False,True,True,GMD
2020-05-12,2020-05-25,2020-05-26,13590.279566318157,13854.105915627559,0.01941287138516734,14,SELL_V4,MA10,1.0,1.0,True,False,False,GMD
2020-06-04,2020-06-11,2020-06-12,14051.568428882483,13076.579563219888,-0.06938647956612032,8,UGLY_BAR,MA10,2.0,3.0,True,False,True,GMD
2020-07-16,2020-07-21,2020-07-22,14122.53594620007,13818.763808699936,-0.02150974433043451,6,SELL_V4,MA50,3.0,1.0,True,False,False,GMD
2020-08-18,2020-09-07,2020-09-08,15116.081188646307,16109.574922072537,0.06572429196612428,21,STOCK_DD,,2.0,3.0,False,False,True,GMD
2020-09-10,2020-09-10,2020-09-11,16804.785521911384,17365.826177463514,0.03338576709715224,1,STOCK_DD,,3.0,3.0,False,False,True,GMD
2020-09-25,2020-09-25,2020-09-28,17843.4919117867,17772.26040714883,-0.003992015968063756,3,STOCK_DD,,2.0,3.0,False,False,True,GMD
2020-10-05,2020-10-08,2020-10-09,17991.878538911747,17957.003238823978,-0.0019383912587195296,4,STOCK_DD,,3.0,3.0,False,False,True,GMD
2020-11-10,2020-11-10,2020-11-11,18919.294958443275,18474.283167514375,-0.023521584282415353,1,STOCK_DD,,2.0,3.0,False,False,True,GMD
2020-12-02,2020-12-24,2020-12-25,21516.060933131568,23129.802525728,0.0750017206965381,23,SELL_V4,MA10,4.0,3.0,True,False,True,GMD
2021-03-17,2021-03-17,2021-03-18,24335.406848507428,24829.436577139324,0.020300861691252114,1,STOCK_DD,,2.0,3.0,False,False,True,GMD
2021-03-31,2021-03-31,2021-04-01,25114.436640913922,25014.179408814467,-0.003992015968063756,1,STOCK_DD,,4.0,3.0,False,False,True,GMD
2021-04-02,2021-04-02,2021-04-05,26190.239687570494,25716.202169180007,-0.018099777781547366,3,STOCK_DD,,3.0,3.0,False,False,True,GMD
2021-05-06,2021-05-06,2021-05-07,26116.046374007976,25605.356470174927,-0.01955464071856272,1,STOCK_DD,,2.0,5.0,False,False,True,GMD
2021-05-11,2021-05-11,2021-05-12,26709.592882508157,26787.710592895844,0.002924706143269118,1,STOCK_DD,,3.0,3.0,False,False,True,GMD
2021-05-18,2021-05-21,2021-05-24,27822.492585945995,28080.91041462185,0.009288090485695344,6,STOCK_DD,,2.0,3.0,False,False,True,GMD
2021-06-03,2021-06-03,2021-06-04,29269.26220041519,29632.75020069306,0.012418761969090975,1,STOCK_DD,,4.0,3.0,False,False,True,GMD
2021-07-02,2021-07-07,2021-07-08,33386.991103135195,31036.79572142415,-0.07039254823685959,6,SELL_V4,MA20,2.0,1.0,True,False,False,GMD
2021-07-20,2021-07-20,2021-07-21,31086.99838269699,31480.1785174445,0.01264773555514287,1,STOCK_DD,,4.0,3.0,False,False,True,GMD
2021-07-27,2021-07-27,2021-07-28,33424.08775991645,32810.326905505535,-0.018362830388058193,1,MARKET_DD,,5.0,4.0,False,True,True,GMD
2021-08-27,2021-08-27,2021-08-30,38802.63042408214,39026.629014648155,0.0057727681891119875,3,STOCK_DD,,4.0,5.0,False,False,True,GMD
2021-10-08,2021-10-08,2021-10-11,38041.794533413864,39026.629014648155,0.02588822355289433,3,STOCK_DD,,4.0,5.0,False,False,True,GMD
2021-10-28,2021-10-28,2021-10-29,38878.71401314897,39860.207498456184,0.02524500900351967,1,STOCK_DD,,2.0,3.0,False,False,True,GMD
2021-11-09,2021-11-09,2021-11-10,40476.46938355236,41300.02487957911,0.02034652499512246,1,STOCK_DD,,2.0,4.0,False,False,True,GMD
2021-11-17,2021-11-17,2021-11-18,41922.05757582208,41224.24501741475,-0.01664547493035695,1,STOCK_DD,,3.0,4.0,False,False,True,GMD
2022-02-23,2022-03-07,2022-03-08,39715.63349288408,41982.0436390584,0.05706594473887461,13,MARKET_DD,,5.0,2.0,False,True,False,GMD
2022-03-10,2022-03-10,2022-03-11,43367.64576809181,41678.92419040095,-0.038939664530587836,1,MARKET_DD,,5.0,3.0,False,True,True,GMD
2022-05-30,2022-05-30,2022-05-31,42074.224753955736,42891.40198503079,0.01942227660411544,1,MARKET_DD,,5.0,2.0,False,True,False,GMD
2022-08-04,2022-08-05,2022-08-08,40324.302205418695,39329.74846330562,-0.024663879787594323,4,SELL_V4,MA50,3.0,1.0,True,False,False,GMD
2022-08-09,2022-08-11,2022-08-12,39715.63349288408,39026.629014648155,-0.017348444872706703,3,SELL_V4,MA50,2.0,2.0,True,False,False,GMD
2022-10-05,2022-10-05,2022-10-06,37699.41838261314,38041.490806511414,0.009073679079782293,1,MARKET_DD,,5.0,5.0,False,True,True,GMD
2018-03-21,2018-03-21,2018-03-22,28030.523039698783,27460.942371276513,-0.020320015706292383,1,STOCK_DD,,2.0,6.0,False,False,True,MWG
2018-05-08,2018-05-08,2018-05-09,25353.1300618304,24369.959521941488,-0.038779059528002646,1,MARKET_DD,,6.0,2.0,False,True,False,MWG
2018-08-13,2018-08-31,2018-09-04,26797.88563520677,27851.38231079027,0.03931267898984636,22,MARKET_DD,,5.0,2.0,False,True,False,MWG
2018-09-24,2018-10-05,2018-10-08,29361.161652487415,29359.998852624743,-3.960333301644692e-05,14,STOCK_DD,,2.0,3.0,False,False,True,MWG
2018-10-09,2018-10-11,2018-10-12,29850.514346695538,28802.97120640894,-0.03509296785040361,3,STOCK_DD,,2.0,3.0,False,False,True,MWG
2018-11-30,2018-11-30,2018-12-03,26285.230431093507,26458.813194589286,0.0066038136492971855,3,MARKET_DD,,6.0,3.0,False,True,True,MWG
2018-12-04,2018-12-04,2018-12-05,27496.960911959526,27015.840840791167,-0.01749720897188678,1,MARKET_DD,,5.0,2.0,False,True,False,MWG
2019-01-16,2019-01-16,2019-01-17,26564.860542062586,26613.543096312034,0.0018325921256903133,1,MARKET_DD,,5.0,4.0,False,True,True,MWG
2019-02-13,2019-02-13,2019-02-14,26285.230431093507,26675.435057001134,0.01484501446280051,1,STOCK_DD,,2.0,3.0,False,False,True,MWG
2019-02-18,2019-03-05,2019-03-06,26875.560665361565,27232.462703203008,0.013279798783935037,16,MARKET_DD,,5.0,1.0,False,True,False,MWG
2019-05-02,2019-05-02,2019-05-03,26502.720517402795,26613.543096312034,0.004181554827040079,1,MARKET_DD,,5.0,4.0,False,True,True,MWG
2019-05-15,2019-05-15,2019-05-16,26689.140591382184,26923.00289975752,0.008762451813485894,1,MARKET_DD,,5.0,2.0,False,True,False,MWG
2019-06-21,2019-06-21,2019-06-24,28697.977595178556,28929.689659391748,0.008074160049944545,3,MARKET_DD,,7.0,1.0,False,True,False,MWG
2019-07-10,2019-07-10,2019-07-11,30752.348238005216,31007.338753537395,0.00829174128618404,1,MARKET_DD,,5.0,1.0,False,True,False,MWG
2019-10-25,2019-10-25,2019-10-28,40392.087408191845,40293.80061373388,-0.002433318027481479,3,STOCK_DD,,3.0,3.0,False,False,True,MWG
2019-11-05,2019-11-05,2019-11-06,40012.818981823846,39538.291852226364,-0.01185937761128597,1,STOCK_DD,,3.0,4.0,False,False,True,MWG
2020-05-19,2020-05-19,2020-05-20,27654.989422666564,27103.87681908193,-0.019928143712574786,1,STOCK_DD,,2.0,3.0,False,False,True,MWG
2020-07-16,2020-07-16,2020-07-17,26706.818356746564,26663.163374869215,-0.0016346006212425435,1,STOCK_DD,,2.0,3.0,False,False,True,MWG
2020-12-02,2020-12-15,2020-12-16,36888.61453637112,37028.64581563729,0.003796056887094723,14,STOCK_DD,,2.0,3.0,False,False,True,MWG
2020-12-23,2020-12-23,2020-12-24,38491.073899375944,37698.9919898859,-0.020578327109311623,1,STOCK_DD,,3.0,3.0,False,False,True,MWG
2021-01-21,2021-01-21,2021-01-22,39901.2381388202,39901.55799098846,8.016096321394883e-06,1,STOCK_DD,,2.0,3.0,False,False,True,MWG
2021-02-01,2021-02-01,2021-02-02,41663.94343812551,39263.13306313265,-0.057623215108245085,1,UGLY_BAR,MA20,4.0,1.0,True,False,False,MWG
2021-04-02,2021-04-06,2021-04-07,43554.8454864712,42327.57271684056,-0.02817764030438008,5,STOCK_DD,,3.0,3.0,False,False,True,MWG
2021-04-20,2021-04-20,2021-04-22,44548.37029153419,45487.776109726845,0.021087321759359012,2,STOCK_DD,,3.0,3.0,False,False,True,MWG
2021-06-18,2021-06-18,2021-06-21,45029.10810043564,44881.272428263816,-0.003283113488325884,3,STOCK_DD,,4.0,4.0,False,False,True,MWG
2021-06-23,2021-06-23,2021-06-24,46535.41990166018,45934.67355922592,-0.012909442822344075,1,MARKET_DD,,5.0,3.0,False,True,True,MWG
2021-09-22,2021-09-22,2021-09-23,59793.230646896096,60755.231387858905,0.016088790161612465,1,STOCK_DD,,2.0,3.0,False,False,True,MWG
2021-10-28,2021-10-28,2021-10-29,63313.31599949564,63156.623932833565,-0.0024748674775353363,1,STOCK_DD,,2.0,5.0,False,False,True,MWG
2021-11-12,2021-11-19,2021-11-22,65579.67232240218,67238.99125929049,0.025302336503463696,10,MARKET_DD,,5.0,0.0,False,True,False,MWG
2021-11-24,2021-11-26,2021-11-29,68955.09663311407,66710.68489939606,-0.03254888823751112,5,MARKET_DD,,5.0,1.0,False,True,False,MWG
2021-12-23,2021-12-23,2021-12-24,65001.028154851585,64165.20880172291,-0.012858555885262413,1,MARKET_DD,,8.0,4.0,False,True,True,MWG
2022-01-04,2022-01-04,2022-01-05,65531.4519751063,66182.37853950166,0.009933040467997367,1,MARKET_DD,,5.0,2.0,False,True,False,MWG
2022-02-18,2022-02-21,2022-02-22,63699.0787778627,63877.04169632596,0.0027938067846142722,4,SELL_V4,MA50,3.0,1.0,True,False,False,MWG
2022-02-23,2022-03-04,2022-03-07,66399.4182264322,64597.45945981836,-0.02713817100729532,12,STOCK_DD,,4.0,3.0,False,False,True,MWG
2022-03-28,2022-04-21,2022-04-22,67122.72343587046,75211.61450860635,0.12050898203592819,25,STOCK_DD,,4.0,3.0,False,False,True,MWG
2022-04-25,2022-04-25,2022-04-26,74259.33483566127,67719.26976828542,-0.0880706120227075,1,MARKET_DD,,5.0,3.0,False,True,True,MWG
2022-08-05,2022-08-05,2022-08-08,61055.86961885236,60618.77229724716,-0.007158972992012513,3,STOCK_DD,,3.0,3.0,False,False,True,MWG
2022-08-16,2022-08-16,2022-08-17,63094.30087798734,63809.23399710227,0.011331183786273735,1,STOCK_DD,,2.0,4.0,False,False,True,MWG
2022-08-23,2022-08-23,2022-08-24,63967.91427475948,64679.35991524457,0.011121913986897214,1,STOCK_DD,,2.0,3.0,False,False,True,MWG
2022-09-13,2022-09-14,2022-09-15,71830.43484570867,71253.64463009752,-0.008029886173598899,2,MARKET_DD,,5.0,2.0,False,True,False,MWG
